{
    "cameraViews": [
      {
        "position": {
          "x": -1.936309304244334,
          "y": 0.9937959067490407,
          "z": 78.07728284752744,
          "isVector3": true
        },
        "target": {
          "x": 0.3474033703799655,
          "y": 3.1205216250327,
          "z": -1.5042781420012108,
          "isVector3": true
        },
        "quaternion": {
          "x": 0.01335148068682897,
          "y": -0.014342545266549293,
          "z": 0.0001915309943098409,
          "w": 0.999807977901069,
          "isQuaternion": true
        },
        "up": {
          "x": -0.0007659768645052127,
          "y": 0.9996434025586951,
          "z": 0.026692339731055628,
          "isVector3": true
        },
        "name": "FV",
        "serializableClassId": "CameraView"
      },
      {
        "position": {
          "x": 27.432671058523397,
          "y": 58.33686330841356,
          "z": -45.00492126925251,
          "isVector3": true
        },
        "target": {
          "x": 0.3474033703799655,
          "y": 3.1205216250327,
          "z": -1.5042781420012108,
          "isVector3": true
        },
        "quaternion": {
          "x": -0.10990397840325337,
          "y": 0.8812780931376171,
          "z": 0.384444463079026,
          "w": 0.2519374781463491,
          "isQuaternion": true
        },
        "up": {
          "x": -0.38742387406182793,
          "y": 0.6802471406780334,
          "z": 0.6222271043648651,
          "isVector3": true
        },
        "name": "PV",
        "serializableClassId": "CameraView"
      },
      {
        "position": {
          "x": 0.35497908576962517,
          "y": 78.44940980410438,
          "z": -0.9380490081048909,
          "isVector3": true
        },
        "target": {
          "x": 0.3474033703799655,
          "y": 3.1205216250327,
          "z": -1.5042781420012108,
          "isVector3": true
        },
        "quaternion": {
          "x": -0.704428268720065,
          "y": 0.004747702902548387,
          "z": 0.004712146516521097,
          "w": 0.7097436644454165,
          "isQuaternion": true
        },
        "up": {
          "x": -0.013377664544157552,
          "y": 0.007517219806517428,
          "z": -0.9998822578172515,
          "isVector3": true
        },
        "name": "TV",
        "serializableClassId": "CameraView"
      },
      {
        "position": {
          "x": -74.77681101932053,
          "y": 8.4895574448373,
          "z": -3.016869896106709,
          "isVector3": true
        },
        "target": {
          "x": 0.3474033703799655,
          "y": 3.1205216250327,
          "z": -1.5042781420012108,
          "isVector3": true
        },
        "quaternion": {
          "x": -0.024959615985853393,
          "y": -0.7137343007847844,
          "z": -0.025467225256338332,
          "w": 0.6995082457632908,
          "isQuaternion": true
        },
        "up": {
          "x": 0.0712581362540792,
          "y": 0.9974568760151633,
          "z": 0.0014347500361431217,
          "isVector3": true
        },
        "name": "RV",
        "serializableClassId": "CameraView"
      },
      {
        "position": {
          "x": -87.50356502607889,
          "y": 14.844574499182755,
          "z": -5.004733005033552,
          "isVector3": true
        },
        "target": {
          "x": 0.3474033703799655,
          "y": 3.1205216250327,
          "z": -1.5042781420012108,
          "isVector3": true
        },
        "quaternion": {
          "x": -0.04589304517140761,
          "y": -0.7194623386190248,
          "z": -0.04775808749906466,
          "w": 0.6913659933726641,
          "isQuaternion": true
        },
        "up": {
          "x": 0.13207327042147785,
          "y": 0.9912259869666539,
          "z": 0.005262509112444609,
          "isVector3": true
        },
        "name": "#360",
        "serializableClassId": "CameraView"
      },
      {
        "position": {
          "x": 21.32149000828625,
          "y": 82.2873020351376,
          "z": -35.566101602342,
          "isVector3": true
        },
        "target": {
          "x": 0.3474033703799655,
          "y": 3.1205216250327,
          "z": -1.5042781420012108,
          "isVector3": true
        },
        "quaternion": {
          "x": -0.1427601925721376,
          "y": 0.8195289038639,
          "z": 0.5041122755994849,
          "w": 0.2320834262464899,
          "isQuaternion": true
        },
        "up": {
          "x": -0.46798441653617284,
          "y": 0.4509806820133506,
          "z": 0.7600046120452634,
          "isVector3": true
        },
        "name": "#initial",
        "serializableClassId": "CameraView"
      },
      {
        "position": {
          "x": 0.3661759781008674,
          "y": 189.7853572321723,
          "z": -0.1011634704429516,
          "isVector3": true
        },
        "target": {
          "x": 0.3474033703799655,
          "y": 3.1205216250327,
          "z": -1.5042781420012108,
          "isVector3": true
        },
        "quaternion": {
          "x": -0.7044282687200284,
          "y": 0.004747702902548817,
          "z": 0.004712146516521037,
          "w": 0.7097436644454528,
          "isQuaternion": true
        },
        "up": {
          "x": -0.013377664544158067,
          "y": 0.0075172198066205675,
          "z": -0.9998822578172508,
          "isVector3": true
        },
        "name": "#HandView",
        "serializableClassId": "CameraView"
      },
      {
        "position": {
          "x": 6.394601125146127,
          "y": 29.08045663634269,
          "z": -15.025950509146863,
          "isVector3": true
        },
        "target": {
          "x": 0.3474033703799655,
          "y": 3.1205216250327,
          "z": -1.5042781420012108,
          "isVector3": true
        },
        "quaternion": {
          "x": -0.10482215613289159,
          "y": 0.8457033975297387,
          "z": 0.49114121465988864,
          "w": 0.18049483719131065,
          "isQuaternion": true
        },
        "up": {
          "x": -0.3545938143119166,
          "y": 0.4955852456921218,
          "z": 0.7928798717990042,
          "isVector3": true
        },
        "name": "#ENGRAVING",
        "serializableClassId": "CameraView"
      }
    ],
    "viewLooping": false,
    "viewPauseTime": 200,
    "animEase": "easeInOutSine",
    "animDuration": 1000,
    "rotationOffset": 0.25,
    "interpolateMode": "spherical",
    "seekOnScroll": false,
    "type": "CameraViews",
    "resources": {
      "geometries": {},
      "materials": {},
      "textures": {},
      "images": {},
      "shapes": {},
      "skeletons": {},
      "animations": {},
      "extras": {}
    }
  }
  